term_id,name,slug,description,display_type,parent,thumbnail
17,Uncategorized,uncategorized,,default,0,
18,"ANTIESTROGENS and PCT",antiestrogens-and-pct,"Anti-estrogens and Post Cycle Therapy (PCT) compounds are essential for managing estrogen levels and maintaining hormonal balance after a steroid cycle. Anti-estrogens, such as Arimidex (Anastrozole) and Nolvadex (Tamoxifen), help prevent estrogen-related side effects like water retention and gynecomastia by blocking estrogen receptors or reducing estrogen production.

PCT compounds like Clomid (Clomiphene) and HCG (Human Chorionic Gonadotropin) support natural testosterone recovery, ensuring hormonal balance and minimizing muscle loss after a cycle. These compounds play a critical role in preserving gains, protecting overall health, and allowing for a smoother transition post-cycle.",default,0,
19,"Nandrolone Decanoate (Deca)",nandrolone-decanoate-deca,"Nandrolone Decanoate, commonly known as Deca, is a long-acting injectable anabolic steroid renowned for promoting significant muscle mass gains and joint relief. With a slow release mechanism, Deca provides sustained anabolic effects over several weeks, making it ideal for bulking cycles. It's particularly valued for its ability to reduce joint pain and improve recovery, making it popular among athletes dealing with joint stress.","default",0,
21,"Trenbolone (Acetate, Enanthate)",enanthate,"Trenbolone is a potent injectable anabolic steroid available in Acetate and Enanthate forms, known for delivering exceptional strength gains and lean muscle development. Trenbolone Acetate acts quickly with a short half-life, while Trenbolone Enanthate provides longer-lasting effects. Both forms are highly effective for cutting cycles, helping users achieve a lean, defined physique while preserving muscle mass during caloric deficits.","default",0,
22,"Testosterone Enanthate",testosterone-enanthate,"Testosterone Enanthate is a long-acting injectable testosterone ester widely used for muscle building, strength enhancement, and overall performance improvement. With a half-life of approximately 8-10 days, it provides sustained testosterone levels, making it ideal for bulking cycles and testosterone replacement therapy. It's one of the most popular and versatile anabolic steroids for both beginners and experienced users.","default",0,
23,"FAT LOSS",fat-loss,"Fat loss compounds are designed to help users shed excess body fat while preserving muscle mass, making them popular in cutting cycles. Common options include Clenbuterol, which increases metabolism and enhances energy levels, and T3 (Liothyronine), a synthetic thyroid hormone that boosts metabolic rate to aid in fat burning. 

Other effective fat-loss agents are Anavar (Oxandrolone) and Winstrol (Stanozolol), which both support fat reduction while maintaining lean muscle. These compounds should be used with caution and ideally paired with a structured diet and exercise plan to maximize results and minimize potential side effects.",default,0,
24,"Winstrol (Stanozolol Tablets)",winstrol-stanozolol-tablets,"Winstrol (Stanozolol) tablets are oral anabolic steroids popular for cutting cycles and athletic performance enhancement. Known for promoting lean muscle gains while reducing body fat, Winstrol is favored by athletes seeking improved strength and endurance without excessive water retention. It's effective for achieving a defined, vascular appearance and is commonly used in both bulking and cutting phases.","default",0,
27,"Injectable Steroids",injectable-steroids,"Injectable steroids are powerful anabolic compounds administered via injection, offering a direct and effective route to muscle growth, strength, and performance enhancement. Known for their longer-lasting effects compared to oral steroids, injectables are often favored by athletes and bodybuilders. 

Common types include Testosterone Enanthate and Cypionate for muscle mass and endurance, Trenbolone for strength and lean muscle, Deca-Durabolin (Nandrolone) for joint relief and mass gains, and Primobolan for cutting cycles. While highly effective, injectable steroids require careful dosing and responsible use to minimize health risks.",products,0,
28,"Oral Steroids",oral-steroids,"Oral steroids are a type of synthetic compound that can help enhance muscle growth, strength, and recovery. Taken in tablet form, these steroids are known for their rapid absorption and effectiveness. Popular types include Anavar (Oxandrolone) for lean muscle gains, 

Dianabol (Methandrostenolone) for bulk and strength, Winstrol (Stanozolol) for cutting and athletic performance, and Anadrol (Oxymetholone) for significant muscle mass increase. While convenient and effective, oral steroids should be used responsibly to avoid side effects and ensure safe results.",default,0,
29,"GROWTH HORMONES (HGH) AND PEPTIDES",growth-hormones-hgh-and-peptides,"Growth Hormones (HGH) and peptides are powerful compounds used to stimulate muscle growth, enhance recovery, and promote fat loss. Human Growth Hormone (HGH) naturally increases muscle size, improves energy, and accelerates recovery, while IGF-1 (Insulin-like Growth Factor) supports muscle cell growth and tissue repair. 

Peptides like GHRP-6 (Growth Hormone Releasing Peptide) and CJC-1295 work by boosting natural growth hormone production, leading to improved muscle density, fat metabolism, and anti-aging benefits. Popular among bodybuilders and athletes, HGH and peptides require careful dosing and monitoring to avoid side effects and optimize their benefits effectively.",default,0,
30,SARMS,sarms,"Selective Androgen Receptor Modulators (SARMs) are compounds that selectively target androgen receptors in muscle and bone, promoting muscle growth and fat loss with fewer side effects than traditional steroids. 

Popular SARMs include Ostarine (MK-2866) for muscle preservation, Ligandrol (LGD-4033) for mass gains, and Cardarine (GW-501516) for endurance and fat burning. While marketed as safer alternatives, SARMs are not approved for human use and can still pose health risks, making caution and proper research essential.",default,0,
31,"SEXUAL HEALTH",sexual-health,"Supporting sexual health is important, especially for individuals using anabolic steroids, as some compounds can affect libido and testosterone levels. Testosterone Replacement Therapy (TRT) is often utilized to maintain healthy testosterone levels and improve sexual function. 

Cialis (Tadalafil) and Viagra (Sildenafil) are commonly used for enhanced blood flow, helping to address issues like erectile dysfunction. Proviron (Mesterolone) can also boost libido and restore sexual well-being by improving free testosterone levels. For best results, regular monitoring of hormone levels, maintaining a balanced diet, and staying active are essential to sustaining overall sexual health.",default,0,
32,"STEROID CYCLES",steroid-cycles,"Steroid cycles are structured periods of anabolic steroid use aimed at maximizing muscle gains and performance, typically lasting 6 to 12 weeks. Common cycles include bulking cycles with compounds like Testosterone, Dianabol, and Deca-Durabolin for mass gain, and cutting cycles with steroids like Winstrol and Trenbolone to reduce body fat while preserving muscle. 

Post-Cycle Therapy (PCT) is essential to restore natural testosterone production and maintain gains. Proper planning and monitoring are crucial for effectiveness and safety during steroid cycles.",default,0,
33,"MEDICAL EQUIPMENTS",medical-equipments,"Medical equipment such as alcohol swabs, syringes, and needles are essential for safe and hygienic administration of injectable compounds. Alcohol swabs are used to disinfect the skin before injection, reducing the risk of infection. Syringes come in various sizes and types, typically including insulin syringes for precise dosing of smaller volumes and larger syringes for drawing up medications.

Needles vary in gauge and length, with smaller gauges being less painful but possibly more difficult to inject certain solutions. It’s crucial to use sterile, single-use equipment to minimize the risk of contamination and infection. Additionally, sharps containers are necessary for the safe disposal of used needles and syringes, ensuring safety for both the user and the environment. Proper education on injection techniques and hygiene practices is vital for anyone using injectable substances.",default,0,
34,"LIVER AID",liver-aid,"Liver support is vital when using certain performance-enhancing compounds, as some, especially oral steroids, can strain the liver. Milk Thistle (Silymarin) is a popular natural supplement known to protect liver cells and support detoxification. 

N-Acetyl Cysteine (NAC) helps replenish glutathione, a powerful antioxidant essential for liver health, while TUDCA (Tauroursodeoxycholic Acid) aids in preventing liver damage and improving liver function. Liv-52 is another herbal formula designed to protect the liver from toxins. Using these aids alongside a healthy diet, hydration, and regular liver function monitoring helps maintain liver health throughout cycles.",default,0,
35,"ANTIANXIETY, SLEEP AID - INSOMNIA",antianxiety-sleep-aid-insomnia,"Anti-anxiety and sleep aid options can be beneficial for managing stress and ensuring restful sleep, especially when certain performance enhancers may increase anxiety or disrupt sleep. Anti-anxiety medications such as Diazepam (Valium) and Lorazepam (Ativan) are sometimes prescribed short-term for stress relief, while natural options like Ashwagandha and L-Theanine promote relaxation without sedation.

For sleep and insomnia, Melatonin helps regulate sleep cycles naturally, while ZMA (a combination of Zinc, Magnesium, and Vitamin B6) supports muscle recovery and restful sleep. Gabapentin may be prescribed for more severe cases of insomnia. Practicing good sleep hygiene, reducing screen time before bed, and keeping a regular sleep schedule are also essential steps for improved sleep quality and anxiety management.",default,0,
36,"PAIN KILLERS",pain-killers,"Painkillers, or analgesics, are medications used to relieve pain. Common types include NSAIDs like Ibuprofen and Aspirin for inflammation and pain relief, and Acetaminophen (Tylenol) for mild to moderate pain. 

For severe pain, opioids such as Oxycodone may be prescribed, though they carry a risk of dependency. It's essential to use painkillers as directed and consult a healthcare professional for proper dosage and interactions, especially when using performance-enhancing substances.",default,0,
37,ANTIBIOTICS,antibiotics,"Antibiotics are medications used to treat bacterial infections, and they work by killing bacteria or preventing them from reproducing. Common types include Penicillin, Amoxicillin, and Azithromycin, which are effective for a range of infections. In bodybuilding and athletic contexts, antibiotics may sometimes be necessary if an infection arises, especially from injectable compounds or minor injuries. 

However, they should be used cautiously, as antibiotics can disrupt gut health and reduce beneficial bacteria. It's essential to complete any prescribed antibiotic course and avoid unnecessary use to prevent antibiotic resistance and maintain overall health.",default,0,
38,"MAGNUS SUPPLEMENTS",magnus-supplements,,default,0,
39,"ORIGINAL PHARMACY PRODUCTS",original-pharmacy-products,"Original pharmacy products are medications manufactured by licensed pharmaceutical companies that meet safety, efficacy, and quality standards. These reliable products include injectable forms like testosterone enanthate and nandrolone decanoate, as well as oral steroids like oxandrolone and methandrostenolone (Dianabol). 

Using original pharmacy products minimizes the risks associated with unregulated substances, ensuring proper dosage and purity. It’s essential to obtain these products through legitimate channels, such as licensed pharmacies or healthcare providers, to ensure safety and effectiveness.",default,0,
40,DIURETICS,diuretics,"Diuretics are substances that help eliminate excess water and sodium from the body, often used in bodybuilding to achieve a lean, defined look before competitions. Common diuretics include Furosemide (Lasix) and Hydrochlorothiazide, which are powerful prescription options for reducing water retention. Natural diuretics like Dandelion Root and Cranberry Extract offer milder alternatives, supporting water balance without depleting essential minerals as rapidly.

While effective, diuretics must be used carefully to avoid dehydration, electrolyte imbalances, and cramping. Staying hydrated and monitoring electrolyte levels are crucial when using diuretics to maintain optimal health and avoid adverse side effects.",default,0,
41,ACNE,acne,"Acne is a common side effect of steroid use, often resulting from increased oil production and hormonal changes. To manage acne, topical treatments like benzoyl peroxide and salicylic acid can help reduce inflammation and clear pores. Retinoids are also effective for controlling breakouts by promoting skin cell turnover. 

Oral medications, such as antibiotics (e.g., doxycycline) and Accutane (isotretinoin) for severe cases, may be prescribed under medical supervision. Practicing a consistent skincare routine, maintaining a balanced diet, and staying hydrated can further help in managing acne. Regularly cleansing the skin post-workout is especially beneficial for keeping breakouts at bay.",default,0,
42,"Boldenone Undecylenate (Equipoise)",boldenone-undecylenate-equipoise,,default,27,https://steroids4u.eu/wp-content/uploads/2021/06/boldenone-undecylenate-equipoise.jpg
43,"Drostanolone Propionate",drostanolone-propionate,,default,27,https://steroids4u.eu/wp-content/uploads/2021/06/drostanolone-propionate-.jpg
44,"Methandienone Injection",methandienone-injection,,default,27,https://steroids4u.eu/wp-content/uploads/2021/06/methandienone-injection.jpg
45,"Nandrolone Decanoate (Deca)",nandrolone-decanoate-deca-injectable-steroids,,default,27,https://steroids4u.eu/wp-content/uploads/2021/06/nandrolone-decanoate-deca.jpg
46,"Nandrolone Phenylpropionate",nandrolone-phenylpropionate,,default,27,https://steroids4u.eu/wp-content/uploads/2021/06/nandrolone-phenylpropionate-.jpg
47,"Primobolan (Methenolone Enanthate)",primobolan-methenolone-enanthate,,default,27,https://steroids4u.eu/wp-content/uploads/2021/06/primobolan-methenolone-enanthate.jpg
48,"Testosterone Enanthate",testosterone-enanthate-injectable-steroids,,default,27,https://steroids4u.eu/wp-content/uploads/2021/06/testosterone-enanthate.jpg
49,"Testosterone Cypionate",testosterone-cypionate,,default,27,https://steroids4u.eu/wp-content/uploads/2021/06/testosterone-cypionate.jpg
50,"Testosterone Propionate",testosterone-propionate,,default,27,https://steroids4u.eu/wp-content/uploads/2021/06/testosterone-propionate.jpg
51,"Testosterone Mix",testosterone-mix,,default,27,https://steroids4u.eu/wp-content/uploads/2021/06/testosterone-mix-.jpg
52,"Testosterone Suspension",testosterone-suspension,,default,27,https://steroids4u.eu/wp-content/uploads/2021/06/testosterone-suspension.jpg
53,"Trenbolone (Acetate, Enanthate)",trenbolone-acetate-enanthate,,default,27,https://steroids4u.eu/wp-content/uploads/2021/06/trenbolone-acetate-enanthate.jpg
54,"Winstrol (Stanozolol Injection)",winstrol-stanozolol-injection,,default,27,https://steroids4u.eu/wp-content/uploads/2021/06/winstrol-stanozolol-injection-.jpg
55,"Trestolone Acetate (MENT)",trestolone-acetate-ment,,default,27,https://steroids4u.eu/wp-content/uploads/2021/06/trestolone-acetate-ment.png
57,"Dianabol (Methandienone)",dianabol-methandienone,,default,28,
58,"Human Growth Hormones (HGH)",human-growth-hormones-hgh,"We offer and sell high quality Human Growth Hormones (HGH) from original licensed Pharmacy!

Before order read all informations about PEPTIDES.

We offer and sell high quality peptides from Canada Peptides.",default,29,
59,Disinfection,disinfection,,default,33,
60,Needles,needles,,default,33,
61,Syringe,syringe,,default,33,
62,"Winstrol (Stanozolol Tablets)",winstrol-stanozolol-tablets-oral-steroids,,default,28,
63,Oxymetholone,oxymetholone,,default,28,
64,"Anavar (Oxandrolone)",anavar-oxandrolone,,default,28,
65,Turinabol,turinabol,,default,28,
74,"Our Generic Products",our-generic-products,,default,0,
75,"Arenis Medico",arenis-medico,"Arenis Medico is a pharmaceutical brand that produces high-quality anabolic steroids and performance-enhancing drugs for bodybuilding and athletic use. Their product lineup includes injectable steroids like Testosterone Enanthate and Nandrolone Decanoate for muscle growth and recovery, as well as oral options like Oxandrolone (Anavar) for lean muscle gains and fat loss.

Arenis Medico is known for its attention to quality control and purity, making it a popular choice among users seeking reliable, consistent results. Proper dosing and cycle planning, along with Post-Cycle Therapy (PCT), are essential when using Arenis Medico products to maintain safety and effectiveness.",default,0,
76,"British Dragon",british-dragon,"British Dragon is a well-known brand specializing in anabolic steroids and performance-enhancing products. Popular British Dragon steroids include Methanabol (Methandrostenolone) for muscle mass, Anabol for strength gains, and Testabol (various testosterone esters) for overall performance. British Dragon products are recognized for their quality and potency, widely used in bodybuilding and athletics.",default,0,
77,"Canada Peptides",canada-peptides,"Canada Peptides is a pharmaceutical company that specializes in peptides, anabolic steroids, and other performance-enhancing products. Known for high-quality formulations, their product range includes HGH (Human Growth Hormone) for muscle growth and anti-aging, IGF-1 LR3 for muscle repair and recovery, and popular anabolic options like Trenbolone and Testosterone Propionate.

Canada Peptides products are valued for their purity and effectiveness, making them popular in bodybuilding and athletic circles. As with all performance enhancers, responsible use, correct dosing, and proper Post-Cycle Therapy (PCT) are essential for safety and optimal results.",default,0,
78,PEPTIDES,peptides,,default,0,
79,"German products",german-products,,default,0,
80,"Mix other products",mix-other-products,,default,0,
81,"SWISS HEALTHCARE PHARMACEUTICALS",swiss-healthcare-pharmaceuticals,,default,0,
82,LEGITLIFT,legitlift,"LegitLift is a brand known for offering quality performance-enhancing products, including anabolic steroids, peptides, and supplements geared toward bodybuilding and athletic performance. LegitLift products are recognized for their high standards, providing options like Testosterone Cypionate for strength and mass gains, Oxandrolone (Anavar) for lean muscle and fat reduction, and HGH (Human Growth Hormone) for recovery and anti-aging benefits.

Focused on purity and reliability, LegitLift is popular among those seeking effective, safe products. As with all performance-enhancing substances, proper dosing, responsible use, and Post-Cycle Therapy (PCT) are essential for maintaining health and achieving desired results.",default,0,
86,"BUY DNP",buy-dnp-dinitrophenol,,default,0,
323,"High Blood Pressure",high-blood-pressure,"Managing high blood pressure is crucial for those using performance-enhancing compounds, as certain steroids and growth hormones can raise blood pressure. Supplements like Hawthorn Berry and CoQ10 (Coenzyme Q10) are natural options that support cardiovascular health and help regulate blood pressure levels..

Angiotensin II Receptor Blockers (ARBs), such as Losartan, are often used to control blood pressure without impacting athletic performance. Staying hydrated, following a low-sodium diet, and monitoring blood pressure regularly are also essential practices for maintaining heart health and avoiding complications.",default,0,
383,"Hilma Biocare",hilma-biocare,"Hilma Biocare is a trusted pharmaceutical company that produces high-quality anabolic steroids, peptides, and health supplements, commonly used in bodybuilding and athletic performance. Their popular products include Testosterone Enanthate and Boldenone Undecylenate for muscle growth and strength, as well as Clenbuterol for fat loss and enhanced metabolism. Hilma Biocare is known for rigorous quality standards, ensuring product purity and reliability.

Users value Hilma Biocare for its consistent results and adherence to pharmaceutical-grade manufacturing. As with any performance-enhancing products, responsible use, accurate dosing, and Post-Cycle Therapy (PCT) are important to ensure safety and maintain gains.",default,0,
